NAME,POSITION,AGE,OVERALL RATING,POTENTIAL,TEAM & CONTRACT,VALUE,WAGE,TOTAL STATS
E. Hazard,LW CF,26,91,91,"Chelsea
2012 ~ 2020",€95.5M,€400K,2122
K. De Bruyne,CAM CM,26,91,92,"Manchester City
2015 ~ 2023",€104.5M,€400K,2234
De Gea,GK,26,91,93,"Manchester United
2011 ~ 2019",€74.5M,€300K,1465
T. Courtois,GK,25,89,92,"Chelsea
2011 ~ 2019",€59M,€190K,1298
S. Agüero,ST,29,89,89,"Manchester City
2011 ~ 2020",€66.5M,€325K,2087
David Silva,CAM CM,31,89,89,"Manchester City
2010 ~ 2020",€58.5M,€275K,2013
N. Kanté,CDM CM,26,88,90,"Chelsea
2016 ~ 2021",€59.5M,€250K,2166
A. Sánchez,LW ST LM,28,88,88,"Manchester United
2018 ~ 2022",€60M,€325K,2194
P. Pogba,CM CDM,24,88,92,"Manchester United
2016 ~ 2021",€76M,€250K,2262
H. Lloris,GK,30,88,88,"Tottenham Hotspur
2012 ~ 2022",€38M,€160K,1315
C. Eriksen,CAM RM CM,25,88,91,"Tottenham Hotspur
2013 ~ 2020",€74.5M,€200K,2091
H. Kane,ST,23,88,91,"Tottenham Hotspur
2010 ~ 2022",€76.5M,€200K,2120
M. Özil,CAM RW,28,87,87,"Arsenal
2013 ~ 2021",€51M,€200K,1920
P. Aubameyang,ST,28,87,87,"Arsenal
2018 ~ 2021",€52M,€225K,2065
M. Salah,RW,25,87,90,"Liverpool
2017 ~ 2022",€63M,€200K,2136
Azpilicueta,CB,27,86,88,"Chelsea
2012 ~ 2020",€43.5M,€190K,2122
R. Lukaku,ST,24,86,90,"Manchester United
2017 ~ 2022",€59M,€200K,2018
J. Vertonghen,CB,30,86,86,"Tottenham Hotspur
2012 ~ 2019",€33M,€150K,2088
Cesc Fàbregas,CM CDM,30,85,85,"Chelsea
2014 ~ 2019",€35.5M,€170K,2082
Roberto Firmino,ST LW,25,85,87,"Liverpool
2015 ~ 2023",€48M,€170K,2163
Fernandinho,CDM CM,32,85,85,"Manchester City
2013 ~ 2020",€22M,€170K,2196
V. Kompany,CB,31,85,85,"Manchester City
2008 ~ 2019",€26M,€170K,1913
İ. Gündoğan,CM CDM,26,85,86,"Manchester City
2016 ~ 2020",€44.5M,€190K,2138
N. Otamendi,CB,29,85,85,"Manchester City
2015 ~ 2022",€30M,€180K,1931
R. Sterling,RW LW CF,22,85,88,"Manchester City
2015 ~ 2020",€49M,€180K,2014
Ederson,GK,23,85,89,"Manchester City
2017 ~ 2025",€36M,€110K,1437
L. Sané,LW RW,21,85,92,"Manchester City
2016 ~ 2021",€54M,€160K,2062
N. Matić,CDM CM,28,85,85,"Manchester United
2017 ~ 2020",€31M,€180K,2146
T. Alderweireld,CB,28,85,86,"Tottenham Hotspur
2015 ~ 2020",€35M,€140K,2040
P. Čech,GK,35,84,84,"Arsenal
2015 ~ 2019",€7.5M,€80K,1181
H. Mkhitaryan,CAM RW RM LM,28,84,84,"Arsenal
2018 ~ 2021",€31.5M,€170K,2135
A. Lacazette,ST,26,84,87,"Arsenal
2017 ~ 2022",€39.5M,€180K,2050
David Luiz,CB,30,84,84,"Chelsea
2016 ~ 2019",€23M,€160K,2115
Willian,RW RM,28,84,84,"Chelsea
2013 ~ 2020",€31.5M,€200K,2061
Morata,ST,24,84,88,"Chelsea
2017 ~ 2022",€41M,€170K,1878
V. van Dijk,CB,25,84,86,"Liverpool
2018 ~ 2023",€31.5M,€140K,2023
S. Mané,LW RW,25,84,85,"Liverpool
2016 ~ 2020",€37M,€170K,2055
K. Walker,RB RWB,27,84,85,"Manchester City
2017 ~ 2022",€29M,€170K,2180
Bernardo Silva,RW,22,84,90,"Manchester City
2017 ~ 2022",€42.5M,€180K,2024
E. Bailly,CB,23,84,89,"Manchester United
2016 ~ 2020",€35.5M,€150K,1890
M. Dembélé,CM CDM,29,84,84,"Tottenham Hotspur
2012 ~ 2019",€30M,€150K,2205
H. Son,LM ST,24,84,87,"Tottenham Hotspur
2015 ~ 2020",€39.5M,€120K,2056
D. Alli,CAM CF,21,84,90,"Tottenham Hotspur
2015 ~ 2022",€42.5M,€110K,2126
R. Mahrez,RM,26,84,84,"Leicester City
2014 ~ 2020",€33.5M,€120K,1984
L. Koscielny,CB,31,83,83,"Arsenal
2010 ~ 2020",€17.5M,€110K,1854
A. Ramsey,CM CDM,26,83,84,"Arsenal
2008 ~ 2018",€30M,€130K,2118
S. Mustafi,CB,25,83,85,"Arsenal
2016 ~ 2021",€26.5M,€110K,1940
Pedro,RW LW,29,83,83,"Chelsea
2015 ~ 2019",€25.5M,€150K,1989
A. Laporte,CB,23,83,88,"Manchester City
2018 ~ 2023",€29.5M,€110K,1910
Gabriel Jesus,ST,20,83,92,"Manchester City
2016 ~ 2021",€41M,€120K,2007
A. Valencia,RB RWB,31,83,83,"Manchester United
2009 ~ 2018",€17M,€130K,2192
Juan Mata,RM CAM,29,83,83,"Manchester United
2014 ~ 2019",€25.5M,€150K,1991
Ander Herrera,CM CDM,27,83,83,"Manchester United
2014 ~ 2018",€26.5M,€140K,2212
A. Martial,LM LW ST,21,83,90,"Manchester United
2015 ~ 2019",€36.5M,€110K,2072
G. Xhaka,CM CDM,24,82,85,"Arsenal
2016 ~ 2021",€27.5M,€110K,1987
G. Cahill,CB,31,82,82,"Chelsea
2012 ~ 2019",€15M,€120K,1820
O. Giroud,ST,30,82,82,"Chelsea
2018 ~ 2019",€21.5M,€150K,1939
Marcos Alonso,LWB,26,82,83,"Chelsea
2016 ~ 2021",€21M,€120K,2173
A. Christensen,CB,21,82,90,"Chelsea
2013 ~ 2022",€28M,€90K,1740
I. Gueye,CDM CM,27,82,82,"Everton
2016 ~ 2022",€18.5M,€110K,2037
A. Lallana,CM,29,82,82,"Liverpool
2014 ~ 2021",€21.5M,€130K,2123
G. Wijnaldum,CM,26,82,83,"Liverpool
2016 ~ 2021",€25.5M,€130K,2167
J. Matip,CB,25,82,84,"Liverpool
2016 ~ 2020",€22.5M,€110K,1878
Lucas,RW LW,24,82,84,"Tottenham Hotspur
2018 ~ 2023",€27.5M,€100K,2047
D. Sánchez,CB,21,82,88,"Tottenham Hotspur
2017 ~ 2023",€26M,€80K,1805
K. Schmeichel,GK,30,82,82,"Leicester City
2011 ~ 2021",€14M,€70K,1351
Adrien Silva,CM,28,82,82,"Leicester City
2018 ~ 2021",€22M,€90K,2157
J. Vardy,ST,30,82,82,"Leicester City
2012 ~ 2020",€21.5M,€100K,2077
W. Zaha,CF LM RM,24,82,85,"Crystal Palace
2015 ~ 2022",€28.5M,€70K,1942
X. Shaqiri,RW RM CAM,25,82,83,"Stoke City
2015 ~ 2020",€26.5M,€90K,2112
J. Wilshere,CM CAM CDM,25,81,83,"Arsenal
2009 ~ 2018",€21.5M,€110K,2106
S. Kolašinac,LWB LB LM,24,81,84,"Arsenal
2017 ~ 2022",€18.5M,€90K,1930
A. Rüdiger,CB,24,81,85,"Chelsea
2017 ~ 2022",€19.5M,€100K,1846
S. Coleman,RB RWB,28,81,81,"Everton
2009 ~ 2022",€14M,€110K,2067
G. Sigurðsson,LM CAM LW,27,81,81,"Everton
2017 ~ 2022",€18.5M,€120K,2110
J. Henderson,CDM CM,27,81,83,"Liverpool
2011 ~ 2020",€17.5M,€110K,2176
N. Clyne,RB,26,81,82,"Liverpool
2015 ~ 2020",€17M,€110K,2049
A. Oxlade-Chamberlain,RM CM,23,81,85,"Liverpool
2017 ~ 2022",€23M,€100K,2091
C. Smalling,CB,27,81,82,"Manchester United
2010 ~ 2019",€17M,€120K,1830
J. Lingard,CAM RW RM,24,81,84,"Manchester United
2010 ~ 2021",€22.5M,€110K,2061
M. Rashford,LM ST RM,19,81,90,"Manchester United
2014 ~ 2020",€26.5M,€70K,2057
D. Rose,LB LWB,26,81,81,"Tottenham Hotspur
2007 ~ 2021",€15M,€90K,2110
V. Wanyama,CDM CM,26,81,84,"Tottenham Hotspur
2016 ~ 2021",€18.5M,€90K,2090
S. Aurier,RB,24,81,84,"Tottenham Hotspur
2017 ~ 2022",€18.5M,€80K,2126
E. Dier,CDM CB,23,81,85,"Tottenham Hotspur
2014 ~ 2021",€19.5M,€80K,2057
B. Davies,LB LWB,24,81,84,"Tottenham Hotspur
2014 ~ 2021",€18.5M,€80K,2040
M. Arnautović,ST LM RM,28,81,81,"West Ham United
2017 ~ 2022",€18.5M,€120K,2094
M. Lanzini,CAM CM LM,24,81,86,"West Ham United
2016 ~ 2020",€24M,€90K,1931
João Mário,CAM LW CM,24,81,84,"West Ham United
Jun 30, 2018
ON LOAN",€22.5M,€90K,2071
Iborra,CDM CM CAM,29,81,81,"Leicester City
2017 ~ 2021",€14M,€80K,2048
D. Sturridge,ST,27,81,81,"West Bromwich Albion
Jun 30, 2018
ON LOAN",€19M,€90K,1865
Deulofeu,RW LW RM,23,81,85,"Watford
Jun 30, 2018
ON LOAN",€23M,€70K,1939
T. Heaton,GK,31,81,81,"Burnley
2013 ~ 2020",€11M,€50K,1271
J. Butland,GK,24,81,86,"Stoke City
2013 ~ 2021",€17M,€50K,1336
P. Mertesacker,CB,32,80,80,"Arsenal
2011 ~ 2018",€8.5M,€110K,1537
Santi Cazorla,CM CDM,32,80,80,"Arsenal
2012 ~ 2018",€11M,€120K,2009
Nacho Monreal,CB LB,31,80,80,"Arsenal
2013 ~ 2019",€10M,€110K,2027
Héctor Bellerín,RWB RB,22,80,86,"Arsenal
2014 ~ 2023",€17M,€90K,1992
V. Moses,RWB,26,80,81,"Chelsea
2012 ~ 2021",€14M,€110K,2127
D. Drinkwater,CM,27,80,80,"Chelsea
2017 ~ 2022",€15M,€120K,2073
R. Barkley,CAM RW CM,23,80,83,"Chelsea
2018 ~ 2023",€19M,€110K,2005
T. Bakayoko,CDM CM,22,80,85,"Chelsea
2017 ~ 2022",€17M,€100K,1957
W. Rooney,CM CAM ST CDM,31,80,80,"Everton
2017 ~ 2019",€12.5M,€120K,2116
L. Baines,LB LWB,32,80,80,"Everton
2007 ~ 2019",€8M,€110K,2187
M. Schneiderlin,CDM CM,27,80,80,"Everton
2017 ~ 2021",€12.5M,€110K,2044
C. Tosun,ST,26,80,82,"Everton
2018 ~ 2022",€18M,€130K,1944
D. Klaassen,CM CAM,24,80,83,"Everton
2017 ~ 2022",€18.5M,€100K,2082
J. Pickford,GK,23,80,86,"Everton
2017 ~ 2022",€15M,€70K,1368
M. Keane,CB,24,80,83,"Everton
2017 ~ 2022",€16M,€90K,1876
J. Milner,CM LB,31,80,80,"Liverpool
2015 ~ 2020",€12.5M,€120K,2138
S. Mignolet,GK,29,80,80,"Liverpool
2013 ~ 2021",€10M,€90K,1268
D. Lovren,CB,27,80,82,"Liverpool
2014 ~ 2021",€14.5M,€110K,1729
L. Karius,GK,24,80,84,"Liverpool
2016 ~ 2021",€14M,€70K,1221
E. Can,CM CDM,23,80,85,"Liverpool
2014 ~ 2018",€19.5M,€100K,2144
Y. Touré,CM CDM,34,80,80,"Manchester City
2010 ~ 2018",€7M,€130K,2077
C. Bravo,GK,34,80,80,"Manchester City
2016 ~ 2020",€6M,€100K,1451
J. Stones,CB,23,80,86,"Manchester City
2016 ~ 2022",€17.5M,€100K,1819
S. Romero,GK,30,80,80,"Manchester United
2015 ~ 2021",€9.5M,€100K,1251
D. Blind,LB CB,27,80,80,"Manchester United
2014 ~ 2018",€12M,€120K,2069
P. Jones,CB,25,80,81,"Manchester United
2011 ~ 2019",€14.5M,€110K,1892
M. Rojo,CB,27,80,81,"Manchester United
2014 ~ 2021",€14M,€120K,2023
E. Lamela,RM LM,25,80,81,"Tottenham Hotspur
2013 ~ 2018",€17.5M,€100K,2049
K. Trippier,RB RWB,26,80,81,"Tottenham Hotspur
2015 ~ 2022",€14M,€90K,2081
O. Ndidi,CDM CM,20,80,86,"Leicester City
2017 ~ 2022",€17.5M,€60K,2073
O. Karnezis,GK,31,80,80,"Watford
Jun 30, 2018
ON LOAN",€9M,€50K,1202
A. Doucouré,CDM CM,24,80,84,"Watford
2016 ~ 2020",€16.5M,€50K,2066
B. Mee,CB,27,80,80,"Burnley
2012 ~ 2019",€12.5M,€60K,1837
M. Sakho,CB,27,80,81,"Crystal Palace
2017 ~ 2021",€14M,€60K,1709
A. Begović,GK,30,80,80,"AFC Bournemouth
2017 ~ 2020",€9.5M,€60K,1225
Ł. Fabiański,GK,32,80,80,"Swansea City
2014 ~ 2019",€8.5M,€60K,1207
D. Welbeck,ST LW,26,79,80,"Arsenal
2014 ~ 2019",€15M,€130K,1971
W. Caballero,GK,35,79,79,"Chelsea
2017 ~ 2018",€3M,€60K,1230
D. Zappacosta,RWB RB,25,79,83,"Chelsea
2017 ~ 2021",€13.5M,€110K,2085
P. Jagielka,CB,34,79,79,"Everton
2007 ~ 2019",€3.8M,€110K,1912
T. Walcott,RM RW LM,28,79,79,"Everton
2018 ~ 2021",€12.5M,€120K,1948
A. Robertson,LB LWB,23,79,84,"Liverpool
2017 ~ 2022",€14M,€90K,1987
F. Delph,LB CM,27,79,79,"Manchester City
2015 ~ 2020",€10.5M,€120K,2138
Danilo,RB LB,25,79,81,"Manchester City
2017 ~ 2022",€12.5M,€110K,2134
B. Mendy,LB LWB,22,79,87,"Manchester City
2017 ~ 2022",€15.5M,€100K,1958
M. Carrick,CDM,35,79,79,"Manchester United
2006 ~ 2018",€3M,€90K,1970
A. Young,LB LWB RB,31,79,79,"Manchester United
2011 ~ 2019",€8M,€120K,2136
M. Fellaini,CM CDM,29,79,79,"Manchester United
2013 ~ 2018",€12M,€140K,2033
I. Slimani,ST,29,79,79,"Newcastle United
Jun 30, 2018
ON LOAN",€12.5M,€90K,1945
R. Bertrand,LB,27,79,79,"Southampton
2015 ~ 2021",€10.5M,€90K,2019
D. Tadić,CAM RM,28,79,79,"Southampton
2014 ~ 2020",€12.5M,€100K,1950
J. Hernández,ST,29,79,79,"West Ham United
2017 ~ 2020",€12.5M,€120K,1880
M. Antonio,ST RM,27,79,79,"West Ham United
2015 ~ 2021",€13.5M,€120K,2068
H. Maguire,CB,24,79,83,"Leicester City
2017 ~ 2022",€14M,€60K,1834
J. Evans,CB,29,79,79,"West Bromwich Albion
2015 ~ 2019",€10M,€80K,1706
G. Krychowiak,CDM CM,27,79,80,"West Bromwich Albion
Jun 30, 2018
ON LOAN",€12M,€70K,1961
R. Pereyra,CAM LM CM,26,79,80,"Watford
2016 ~ 2021",€15M,€70K,2063
S. Defour,CM,29,79,79,"Burnley
2016 ~ 2019",€12M,€70K,2144
J. Tarkowski,CB,24,79,82,"Burnley
2016 ~ 2022",€13.5M,€50K,1869
C. Benteke,ST,26,79,80,"Crystal Palace
2016 ~ 2020",€15M,€80K,1842
D. Ospina,GK,28,78,78,"Arsenal
2014 ~ 2019",€7.5M,€80K,1154
J. McCarthy,CDM CM,26,78,79,"Everton
2013 ~ 2020",€10M,€90K,2017
E. Mangala,CB,26,78,80,"Everton
Jun 30, 2018
ON LOAN",€10.5M,€90K,1793
R. Klavan,CB,31,78,78,"Liverpool
2016 ~ 2019",€7M,€90K,1796
M. Darmian,LB RB,27,78,78,"Manchester United
2015 ~ 2019",€8.5M,€100K,1984
L. Shaw,LB,21,78,83,"Manchester United
2014 ~ 2018",€11.5M,€80K,2024
V. Lindelöf,CB,22,78,85,"Manchester United
2017 ~ 2021",€12.5M,€90K,1899
J. Shelvey,CM CDM,25,78,80,"Newcastle United
2016 ~ 2021",€12.5M,€70K,2046
F. Lejeune,CB,26,78,82,"Newcastle United
2017 ~ 2022",€11M,€60K,1825
J. Lascelles,CB,23,78,83,"Newcastle United
2014 ~ 2023",€12M,€50K,1612
M. Gabbiadini,ST,25,78,80,"Southampton
2017 ~ 2021",€13M,€80K,1873
Oriol Romeu,CDM CM,25,78,80,"Southampton
2015 ~ 2021",€10.5M,€70K,1828
Cédric,RB,25,78,80,"Southampton
2015 ~ 2020",€10.5M,€70K,2096
M. Vorm,GK,33,78,78,"Tottenham Hotspur
2014 ~ 2018",€5M,€60K,1286
J. Hart,GK,30,78,78,"West Ham United
Jun 30, 2018
ON LOAN",€6.5M,€70K,1249
A. Ogbonna,CB,29,78,78,"West Ham United
2015 ~ 2022",€8M,€90K,1728
Adrián,GK,30,78,78,"West Ham United
2013 ~ 2019",€6.5M,€70K,1243
A. Dragović,CB,26,78,78,"Leicester City
Jun 30, 2018
ON LOAN",€9M,€60K,1894
B. Foster,GK,34,78,78,"West Bromwich Albion
2012 ~ 2019",€4.2M,€50K,1234
N. Chadli,LM RM CAM,27,78,78,"West Bromwich Albion
2016 ~ 2020",€11M,€70K,2006
Gomes,GK,36,78,78,"Watford
2014 ~ 2019",€1.4M,€30K,1250
J. Cork,CM CDM,28,78,78,"Burnley
2017 ~ 2021",€10.5M,€60K,2064
J. Guðmundsson,RM LM,26,78,78,"Burnley
2016 ~ 2021",€11M,€60K,2060
M. Lowton,RB,28,78,78,"Burnley
2015 ~ 2020",€8M,€60K,2062
N. Pope,GK,25,78,81,"Burnley
2016 ~ 2020",€9M,€40K,1205
Y. Cabaye,CM,31,78,78,"Crystal Palace
2015 ~ 2018",€9M,€60K,2112
J. Tomkins,CB,28,78,79,"Crystal Palace
2016 ~ 2021",€9.5M,€60K,1650
A. Townsend,RM LM ST,25,78,79,"Crystal Palace
2016 ~ 2021",€12.5M,€60K,1925
L. Milivojević,CDM CM,26,78,81,"Crystal Palace
2017 ~ 2020",€11M,€50K,2028
R. Shawcross,CB,29,78,78,"Stoke City
2008 ~ 2021",€8M,€70K,1651
E. Choupo-Moting,LM ST LW,28,78,78,"Stoke City
2017 ~ 2020",€10.5M,€70K,1906
J. Allen,CM CAM,27,78,78,"Stoke City
2016 ~ 2021",€10.5M,€70K,2062
K. Zouma,CB,22,78,85,"Stoke City
Jun 30, 2018
ON LOAN",€12.5M,€50K,1866
P. Groß,CAM CM,26,78,80,"Brighton & Hove Albion
2017 ~ 2021",€12.5M,€50K,2086
M. Ryan,GK,25,78,81,"Brighton & Hove Albion
2017 ~ 2022",€9M,€40K,1341
J. Izquierdo,LM,24,78,80,"Brighton & Hove Albion
2017 ~ 2021",€13M,€50K,1854
A. Mooy,CM CDM CAM,26,78,79,"Huddersfield Town
2017 ~ 2020",€12M,€50K,2060
J. Defoe,ST,34,78,78,"AFC Bournemouth
2017 ~ 2020",€5.5M,€70K,1835
N. Aké,CB,22,78,85,"AFC Bournemouth
2017 ~ 2022",€12.5M,€50K,1935
A. Ayew,ST CAM RM,27,78,78,"Swansea City
2018 ~ 2021",€11M,€70K,2089
W. Bony,ST,28,78,78,"Swansea City
2017 ~ 2019",€10.5M,€80K,1870
M. Elneny,CDM CM,24,77,81,"Arsenal
2016 ~ 2022",€10M,€80K,1959
A. Williams,CB,32,77,77,"Everton
2016 ~ 2019",€5M,€90K,1682
Y. Bolasie,RM ST LM,28,77,77,"Everton
2016 ~ 2021",€9M,€100K,1869
R. Funes Mori,CB,26,77,80,"Everton
2015 ~ 2020",€9M,€90K,1836
Alberto Moreno,LB,24,77,80,"Liverpool
2014 ~ 2019",€9.5M,€80K,2038
C. Austin,ST,27,77,77,"Southampton
2016 ~ 2020",€9.5M,€90K,1832
J. Ward-Prowse,RM CM,22,77,82,"Southampton
2011 ~ 2022",€12M,€70K,2066
S. Boufal,LW RW CAM,23,77,80,"Southampton
2016 ~ 2021",€11.5M,€80K,1819
M. Lemina,CM CDM,23,77,82,"Southampton
2017 ~ 2022",€11.5M,€70K,2078
Llorente,ST,32,77,77,"Tottenham Hotspur
2017 ~ 2019",€7M,€90K,1636
M. Sissoko,RM CM,27,77,77,"Tottenham Hotspur
2016 ~ 2021",€9.5M,€80K,2133
W. Reid,CB,28,77,77,"West Ham United
2010 ~ 2023",€7M,€90K,1728
A. Carroll,ST,28,77,77,"West Ham United
2013 ~ 2019",€9M,€100K,1903
Pedro Obiang,CDM CM,25,77,80,"West Ham United
2015 ~ 2022",€9.5M,€80K,1983
S. Okazaki,CF CAM,31,77,77,"Leicester City
2015 ~ 2019",€8M,€70K,1995
J. Rodriguez,ST LM,27,77,77,"West Bromwich Albion
2017 ~ 2021",€9.5M,€70K,1863
K. Gibbs,LB LWB,27,77,77,"West Bromwich Albion
2017 ~ 2021",€7.5M,€60K,1983
S. Rondón,ST,27,77,77,"West Bromwich Albion
2015 ~ 2019",€9.5M,€70K,1769
J. Holebas,LB LWB,33,77,77,"Watford
2015 ~ 2018",€3.4M,€50K,2104
T. Deeney,ST,29,77,77,"Watford
2010 ~ 2021",€9M,€70K,1917
A. Carrillo,RM RW,26,77,78,"Watford
Jun 30, 2018
ON LOAN",€10.5M,€60K,1919
A. Lennon,RM LM,30,77,77,"Burnley
2018 ~ 2020",€8.5M,€60K,1892
A. Barnes,ST,27,77,77,"Burnley
2014 ~ 2021",€9.5M,€60K,1947
C. Wood,ST,25,77,79,"Burnley
2017 ~ 2021",€11M,€60K,1901
R. Brady,LM LB,25,77,78,"Burnley
2017 ~ 2020",€10.5M,€60K,2086
M. Diouf,ST RWB RM,29,77,77,"Stoke City
2014 ~ 2020",€9M,€80K,2017
B. Martins Indi,CB,25,77,80,"Stoke City
2017 ~ 2022",€9.5M,€60K,1706
D. Pröpper,CM,25,77,80,"Brighton & Hove Albion
2017 ~ 2021",€11M,€50K,2049
J. Locadia,ST LW,23,77,81,"Brighton & Hove Albion
2018 ~ 2022",€12M,€50K,1902
J. King,CF ST CAM,25,77,79,"AFC Bournemouth
2015 ~ 2021",€11M,€70K,1909
S. Cook,CB,26,77,78,"AFC Bournemouth
2012 ~ 2021",€8.5M,€60K,1641
C. Wilson,ST,25,77,79,"AFC Bournemouth
2014 ~ 2020",€11M,€70K,1889
L. Fer,CM,27,77,77,"Swansea City
2016 ~ 2019",€9M,€70K,2080
J. Ayew,ST LM,25,77,78,"Swansea City
2017 ~ 2020",€10.5M,€70K,1979
F. Fernández,CB,28,77,77,"Swansea City
2014 ~ 2020",€7M,€70K,1586
A. Iwobi,LM RW,21,76,84,"Arsenal
2013 ~ 2020",€11.5M,€80K,1717
Emerson,LWB LB,22,76,80,"Chelsea
2018 ~ 2022",€8.5M,€80K,1952
D. Ings,ST,24,76,80,"Liverpool
2015 ~ 2020",€10M,€90K,1872
C. Clark,CB,27,76,77,"Newcastle United
2016 ~ 2021",€7.5M,€60K,1797
M. Ritchie,RM LM,27,76,76,"Newcastle United
2016 ~ 2021",€8M,€70K,2006
D. Yedlin,RB,23,76,81,"Newcastle United
2016 ~ 2021",€8.5M,€50K,1972
F. Forster,GK,29,76,77,"Southampton
2014 ~ 2022",€6M,€60K,1169
A. McCarthy,GK,27,76,77,"Southampton
2016 ~ 2019",€6M,€60K,1223
N. Redmond,LM RM ST,23,76,80,"Southampton
2016 ~ 2021",€10M,€70K,1776
P. Højbjerg,CM CDM,21,76,81,"Southampton
2016 ~ 2021",€10M,€60K,1990
W. Hoedt,CB,23,76,82,"Southampton
2017 ~ 2022",€9M,€60K,1738
P. Zabaleta,RWB RB,32,76,76,"West Ham United
2017 ~ 2019",€4.3M,€80K,1996
M. Noble,CM CDM,30,76,76,"West Ham United
2004 ~ 2020",€7M,€90K,2018
C. Kouyaté,CDM CM CB,27,76,76,"West Ham United
2014 ~ 2018",€6.5M,€80K,1975
A. Masuaku,LWB LB LM,23,76,82,"West Ham United
2016 ~ 2020",€9M,€70K,2031
W. Morgan,CB,33,76,76,"Leicester City
2012 ~ 2019",€3.1M,€60K,1466
C. Fuchs,LB,31,76,76,"Leicester City
2015 ~ 2019",€5M,€60K,2120
M. Albrighton,LM RM,27,76,76,"Leicester City
2014 ~ 2020",€8M,€70K,1983
G. Barry,CDM CM,36,76,76,"West Bromwich Albion
2017 ~ 2018",€1M,€40K,1937
M. Phillips,RM LM,26,76,76,"West Bromwich Albion
2016 ~ 2020",€8.5M,€70K,1845
A. Nyom,RB LB,29,76,76,"West Bromwich Albion
2016 ~ 2020",€6M,€70K,1851
A. Hegazi,CB,26,76,78,"West Bromwich Albion
2017 ~ 2022",€7.5M,€60K,1466
S. Prödl,CB,30,76,76,"Watford
2015 ~ 2021",€5.5M,€50K,1498
E. Capoue,CDM CM,28,76,76,"Watford
2015 ~ 2019",€6M,€60K,1973
D. Janmaat,RB RWB,27,76,76,"Watford
2016 ~ 2020",€6.5M,€50K,2038
T. Cleverley,CM CAM,27,76,76,"Watford
2017 ~ 2022",€8M,€60K,1974
Kiko Femenía,RB RWB RM,26,76,77,"Watford
2017 ~ 2021",€7.5M,€50K,2013
A. Gray,ST,26,76,79,"Watford
2017 ~ 2022",€9.5M,€60K,1850
N. Chalobah,CDM CM,22,76,84,"Watford
2017 ~ 2022",€10M,€50K,1945
W. Hughes,CAM CM,22,76,85,"Watford
2017 ~ 2022",€12M,€50K,1903
Richarlison,LW LM,20,76,86,"Watford
2017 ~ 2022",€12.5M,€50K,1908
S. Ward,LB,31,76,76,"Burnley
2014 ~ 2019",€5M,€50K,2013
S. Vokes,ST,27,76,76,"Burnley
2012 ~ 2019",€8M,€60K,1887
G. Nkoudou,LM,22,76,82,"Burnley
May 31, 2018
ON LOAN",€10.5M,€50K,1899
S. Dann,CB,30,76,76,"Crystal Palace
2014 ~ 2020",€5.5M,€50K,1575
J. McArthur,CM CDM LM RM,29,76,76,"Crystal Palace
2014 ~ 2019",€7.5M,€60K,1949
Jesé,LM ST,24,76,79,"Stoke City
Jun 30, 2018
ON LOAN",€10M,€60K,1798
B. Ndiaye,CM CDM CAM,26,76,77,"Stoke City
2018 ~ 2022",€9M,€70K,2119
S. Duffy,CB,25,76,81,"Brighton & Hove Albion
2016 ~ 2021",€8.5M,€50K,1647
L. Dunk,CB,25,76,81,"Brighton & Hove Albion
2010 ~ 2022",€8.5M,€50K,1627
A. Knockaert,RM LM,25,76,77,"Brighton & Hove Albion
2016 ~ 2022",€9M,€50K,1930
C. Schindler,CB,27,76,78,"Huddersfield Town
2016 ~ 2020",€7.5M,€50K,1681
T. Kongolo,LB CB,23,76,81,"Huddersfield Town
Jun 30, 2018
ON LOAN",€8.5M,€40K,1890
S. Mounié,ST,22,76,83,"Huddersfield Town
2017 ~ 2021",€11M,€50K,1868
S. Francis,CB RB,32,76,76,"AFC Bournemouth
2012 ~ 2019",€4.4M,€60K,1846
A. Surman,CM CDM,30,76,76,"AFC Bournemouth
2014 ~ 2019",€7M,€70K,1961
H. Arter,CM,27,76,76,"AFC Bournemouth
2010 ~ 2021",€8M,€70K,2016
Ki Sung Yueng,CM CDM,28,76,76,"Swansea City
2012 ~ 2018",€7.5M,€70K,2019
C. Chambers,CB RB,22,75,82,"Arsenal
2014 ~ 2020",€8M,€60K,1875
O. Niasse,ST,27,75,75,"Everton
2016 ~ 2020",€7M,€90K,1782
T. Alexander-Arnold,RB,18,75,87,"Liverpool
2015 ~ 2021",€9.5M,€40K,1995
Joselu,ST,27,75,75,"Newcastle United
2017 ~ 2020",€7M,€60K,1763
C. Atsu,LM RM,25,75,76,"Newcastle United
2017 ~ 2021",€8M,€50K,1867
D. Gayle,ST,26,75,76,"Newcastle United
2016 ~ 2021",€8M,€60K,1769
C. Mbemba,CB LB,22,75,80,"Newcastle United
2015 ~ 2020",€7.5M,€40K,1780
Ayoze Pérez,CF CAM ST,23,75,81,"Newcastle United
2014 ~ 2021",€9.5M,€50K,1884
Kenedy,LM LWB,21,75,83,"Newcastle United
May 31, 2018
ON LOAN",€10M,€40K,1930
M. Dúbravka,GK,28,75,77,"Newcastle United
2017 ~ 2020",€5.5M,€40K,1218
Merino,CM CDM,21,75,84,"Newcastle United
2017 ~ 2022",€10M,€40K,1966
S. Davis,CM CAM CDM,32,75,75,"Southampton
2012 ~ 2019",€5M,€70K,1995
S. Long,ST,30,75,75,"Southampton
2014 ~ 2020",€6.5M,€70K,1878
M. Yoshida,CB,28,75,75,"Southampton
2012 ~ 2020",€5.5M,€60K,1727
G. Carrillo,ST,26,75,76,"Southampton
2018 ~ 2021",€8M,€70K,1769
H. Winks,CM CDM,21,75,84,"Tottenham Hotspur
2014 ~ 2022",€10M,€60K,1896
J. Collins,CB,33,75,75,"West Ham United
2012 ~ 2018",€2.7M,€70K,1611
P. Evra,LB,36,75,75,"West Ham United
2018 ~ 2018",€775K,€50K,1944
D. Simpson,RB,30,75,75,"Leicester City
2014 ~ 2019",€4.8M,€50K,1858
D. Amartey,CDM CM RB,22,75,81,"Leicester City
2016 ~ 2019",€8M,€40K,1959
D. Gray,LM CAM,21,75,83,"Leicester City
2016 ~ 2021",€10M,€40K,1764
K. Iheanacho,ST CF,20,75,84,"Leicester City
2017 ~ 2022",€10.5M,€50K,1806
G. McAuley,CB,37,75,75,"West Bromwich Albion
2011 ~ 2018",€450K,€40K,1534
J. Morrison,CAM CM,31,75,75,"West Bromwich Albion
2007 ~ 2018",€6M,€60K,2003
C. Yacob,CDM CM,29,75,75,"West Bromwich Albion
2012 ~ 2018",€5M,€50K,1797
C. Dawson,RB CB,27,75,76,"West Bromwich Albion
2010 ~ 2020",€6M,€50K,1740
Y. Kaboul,CB,31,75,75,"Watford
2016 ~ 2019",€4.5M,€40K,1700
S. Okaka,ST,27,75,75,"Watford
2016 ~ 2021",€7M,€50K,1713
M. Britos,CB LB,31,75,75,"Watford
2015 ~ 2018",€4.5M,€40K,1597
C. Kabasele,CB,26,75,78,"Watford
2016 ~ 2021",€7M,€40K,1784
M. Zeegelaar,LB LWB,26,75,76,"Watford
2017 ~ 2021",€6.5M,€40K,1982
J. Hendrick,CAM CM,25,75,77,"Burnley
2016 ~ 2019",€8M,€50K,2070
P. van Aanholt,LB,26,75,76,"Crystal Palace
2017 ~ 2021",€6.5M,€40K,2016
R. Loftus-Cheek,LM CAM CM,21,75,84,"Crystal Palace
Jun 30, 2018
ON LOAN",€10.5M,€40K,1866
I. Afellay,CAM CM LM RM,31,75,75,"Stoke City
2015 ~ 2019",€6M,€60K,1979
E. Pieters,LB LWB,28,75,75,"Stoke City
2013 ~ 2020",€5.5M,€50K,1917
G. Cameron,CDM CB CM,31,75,75,"Stoke City
2012 ~ 2020",€4.5M,€50K,1961
K. Stafylidis,LB,23,75,79,"Stoke City
Jun 30, 2018
ON LOAN",€7M,€40K,2031
M. Bauer,RB RWB RM,25,75,78,"Stoke City
2018 ~ 2022",€7M,€50K,1942
K. Wimmer,CB,24,75,80,"Stoke City
2017 ~ 2022",€7.5M,€40K,1636
R. Sobhi,LM LW,20,75,82,"Stoke City
2016 ~ 2022",€9.5M,€40K,1903
T. Krul,GK,29,75,75,"Brighton & Hove Albion
2017 ~ 2018",€4.5M,€30K,1228
D. Stephens,CM,28,75,75,"Brighton & Hove Albion
2014 ~ 2021",€6.5M,€50K,2021
E. Schelotto,RB RM,28,75,75,"Brighton & Hove Albion
2017 ~ 2020",€5.5M,€40K,2000
J. Lössl,GK,28,75,76,"Huddersfield Town
2018 ~ 2022",€5.5M,€30K,1084
M. Jørgensen,CB,27,75,77,"Huddersfield Town
2017 ~ 2020",€6.5M,€40K,1712
J. Hogg,CDM CM,28,75,75,"Huddersfield Town
2013 ~ 2020",€5.5M,€40K,1887
L. Depoitre,ST,28,75,75,"Huddersfield Town
2017 ~ 2019",€7M,€50K,1737
A. Boruc,GK,37,75,75,"AFC Bournemouth
2015 ~ 2018",€450K,€30K,1162
C. Daniels,LB LWB,30,75,75,"AFC Bournemouth
2012 ~ 2020",€4.8M,€50K,1999
J. Stanislas,RM LM,27,75,75,"AFC Bournemouth
2014 ~ 2019",€7M,€60K,1785
A. Smith,RB RWB,26,75,76,"AFC Bournemouth
2014 ~ 2021",€6.5M,€50K,1938
L. Cook,CM CAM,20,75,84,"AFC Bournemouth
2016 ~ 2020",€10M,€40K,1939
L. Britton,CDM CM,34,75,75,"Swansea City
2011 ~ 2018",€2M,€50K,1863
M. Olsson,LB LWB,29,75,75,"Swansea City
2017 ~ 2019",€5M,€50K,1989
L. Narsingh,RW LW,26,75,75,"Swansea City
2017 ~ 2019",€7M,€60K,1709
A. Mawson,CB,23,75,84,"Swansea City
2016 ~ 2020",€9M,€40K,1596
Renato Sanches,CM,19,75,84,"Swansea City
Jun 30, 2018
ON LOAN",€10M,€30K,2099
Eduardo,GK,34,74,74,"Chelsea
2016 ~ 2018",€2.3M,€60K,1213
Joel Robles,GK,27,74,75,"Everton
2013 ~ 2018",€4.4M,€60K,1131
T. Davies,CM CAM,19,74,84,"Everton
2015 ~ 2022",€8.5M,€50K,1899
M. Diamé,CM CAM,30,74,74,"Newcastle United
2016 ~ 2019",€5M,€60K,2046
P. Dummett,LB,25,74,76,"Newcastle United
2010 ~ 2022",€5.5M,€50K,1828
Manquillo,LB RB,23,74,79,"Newcastle United
2017 ~ 2020",€6.5M,€40K,1870
A. Cresswell,CB LB LWB,27,74,75,"West Ham United
2014 ~ 2021",€5.5M,€70K,2047
R. Huth,CB,32,74,74,"Leicester City
2015 ~ 2018",€3.2M,€50K,1585
Y. Benalouane,CB RB,30,74,74,"Leicester City
2015 ~ 2019",€4.2M,€50K,1747
C. Brunt,RM LB LM,32,74,74,"West Bromwich Albion
2007 ~ 2018",€4.4M,€60K,2031
J. Livermore,CM CDM,27,74,74,"West Bromwich Albion
2017 ~ 2021",€6M,€60K,1986
A. Mariappa,CB RB,30,74,74,"Watford
2016 ~ 2019",€4.2M,€40K,1717
M. Wagué,CB,26,74,76,"Watford
Jun 30, 2018
ON LOAN",€5.5M,€40K,1491
A. Westwood,CM CDM,27,74,74,"Burnley
2017 ~ 2020",€6M,€50K,1948
C. Taylor,LB,23,74,78,"Burnley
2017 ~ 2021",€6M,€40K,1961
M. Kelly,CB RB,27,74,75,"Crystal Palace
2014 ~ 2019",€5.5M,€40K,1747
J. Ward,RB,27,74,74,"Crystal Palace
2012 ~ 2018",€4.6M,€40K,1831
J. Riedewald,CDM CB LB,20,74,82,"Crystal Palace
2017 ~ 2022",€7M,€30K,1839
T. Fosu-Mensah,RB CB,19,74,83,"Crystal Palace
Jun 30, 2018
ON LOAN",€7M,€20K,1946
L. Grant,GK,34,74,74,"Stoke City
2017 ~ 2019",€2.3M,€40K,1300
D. Fletcher,CM CDM,33,74,74,"Stoke City
2017 ~ 2019",€3.3M,€60K,1958
G. Murray,ST,33,74,74,"Brighton & Hove Albion
2017 ~ 2019",€3.5M,€50K,1780
G. Bong,LB,29,74,74,"Brighton & Hove Albion
2015 ~ 2019",€4.3M,€40K,1833
J. Ibe,RM LM RW,21,74,79,"AFC Bournemouth
2016 ~ 2020",€7.5M,€40K,1831
R. Fraser,RM LM,23,74,78,"AFC Bournemouth
2013 ~ 2020",€7.5M,€50K,1839
N. Dyer,RM RW,29,74,74,"Swansea City
2009 ~ 2020",€5.5M,€60K,1863
K. Naughton,RB RWB,28,74,74,"Swansea City
2015 ~ 2020",€4.4M,€50K,1851
T. Abraham,ST,19,74,85,"Swansea City
Jun 30, 2018
ON LOAN",€9.5M,€40K,1678
R. Holding,CB,21,73,83,"Arsenal
2016 ~ 2022",€5.5M,€60K,1657
M. Stekelenburg,GK,34,73,73,"Everton
2016 ~ 2019",€1.6M,€60K,1134
M. Holgate,CB RB RWB,20,73,82,"Everton
2015 ~ 2022",€5.5M,€60K,1752
J. Gomez,RB CB LB,20,73,85,"Liverpool
2015 ~ 2022",€6.5M,€60K,1677
J. Pied,RB RM LB,28,73,73,"Southampton
2016 ~ 2018",€3.2M,€60K,2068
S. Byram,RB,23,73,77,"West Ham United
2016 ~ 2020",€4.3M,€60K,1925
M. James,CM CDM,25,73,75,"Leicester City
2012 ~ 2021",€4.8M,€50K,1922
B. Chilwell,LB,20,73,83,"Leicester City
2015 ~ 2021",€5.5M,€40K,1893
B. Myhill,GK,34,73,73,"West Bromwich Albion
2010 ~ 2018",€1.6M,€40K,1188
J. McClean,LM,28,73,73,"West Bromwich Albion
2015 ~ 2019",€4M,€60K,1990
C. Cathcart,CB RB,28,73,73,"Watford
2014 ~ 2021",€3.2M,€50K,1596
D. Ndong,CM CDM,23,73,80,"Watford
Jun 30, 2018
ON LOAN",€5.5M,€40K,1940
J. Walters,ST RM,33,73,73,"Burnley
2017 ~ 2019",€2.5M,€50K,1957
S. Arfield,LM CM,28,73,73,"Burnley
2013 ~ 2018",€4M,€50K,2004
K. Long,CB,26,73,73,"Burnley
2010 ~ 2020",€3.5M,€40K,1630
Diego Cavalieri,GK,34,73,73,"Crystal Palace
2018 ~ 2018",€1.6M,€40K,1081
J. Puncheon,CM LM,31,73,73,"Crystal Palace
2014 ~ 2018",€3.4M,€50K,2004
W. Hennessey,GK,30,73,73,"Crystal Palace
2014 ~ 2018",€2.6M,€40K,1085
P. Crouch,ST,36,73,73,"Stoke City
2011 ~ 2019",€1.4M,€50K,1680
G. Johnson,RB,32,73,73,"Stoke City
2015 ~ 2018",€2.2M,€50K,1977
C. Adam,CM CDM,31,73,73,"Stoke City
2012 ~ 2019",€3.4M,€60K,1992
S. Berahino,ST,23,73,78,"Stoke City
2017 ~ 2022",€5.5M,€50K,1741
Bruno Saltor,RB,36,73,73,"Brighton & Hove Albion
2012 ~ 2019",€450K,€30K,1875
L. Ulloa,ST,30,73,73,"Brighton & Hove Albion
Jun 30, 2018
ON LOAN",€3.9M,€50K,1802
M. Suttner,LB LWB,30,73,73,"Brighton & Hove Albion
2017 ~ 2020",€2.9M,€40K,1985
T. Ince,CAM LM RM,25,73,76,"Huddersfield Town
2017 ~ 2020",€5M,€40K,1776
C. Löwe,LB,28,73,73,"Huddersfield Town
2016 ~ 2019",€3.2M,€40K,1980
A. Pritchard,CAM LM,24,73,78,"Huddersfield Town
2018 ~ 2021",€5.5M,€40K,1852
F. Hadergjonaj,RB RWB,22,73,79,"Huddersfield Town
2016 ~ 2020",€4.6M,€30K,1832
D. Gosling,CM,27,73,73,"AFC Bournemouth
2014 ~ 2021",€4.1M,€60K,1965
W. Routledge,RM RW LM,32,73,73,"Swansea City
2011 ~ 2019",€3.1M,€60K,1786
Àngel Rangel,RB,34,73,73,"Swansea City
2007 ~ 2018",€1.1M,€50K,1923
K. Bartley,CB,26,73,75,"Swansea City
2012 ~ 2021",€4M,€50K,1472
K. Nordfeldt,GK,28,73,75,"Swansea City
2015 ~ 2020",€3.3M,€40K,1189
S. Clucas,CM LM,26,73,73,"Swansea City
2017 ~ 2021",€4.2M,€60K,1933
T. Carroll,CM CDM,25,73,78,"Swansea City
2017 ~ 2020",€5M,€50K,1789
M. van der Hoorn,CB,24,73,77,"Swansea City
2016 ~ 2019",€4.4M,€40K,1534
Jesús Gámez,RB LB,32,72,72,"Newcastle United
2016 ~ 2018",€1.7M,€40K,1841
R. Elliot,GK,31,72,72,"Newcastle United
2011 ~ 2020",€1.9M,€30K,1140
K. Darlow,GK,26,72,75,"Newcastle United
2014 ~ 2019",€2.7M,€30K,1184
J. Murphy,RM LM,22,72,80,"Newcastle United
2017 ~ 2021",€4.6M,€40K,1783
I. Hayden,CDM CM,22,72,79,"Newcastle United
2016 ~ 2021",€3.7M,€30K,1764
J. Hugill,ST,25,72,76,"West Ham United
2018 ~ 2022",€4.1M,€60K,1772
E. Jakupović,GK,32,72,72,"Leicester City
2017 ~ 2020",€1.8M,€30K,1168
P. Bardsley,RB,32,72,72,"Burnley
2017 ~ 2019",€1.7M,€30K,1891
J. Speroni,GK,38,72,72,"Crystal Palace
2004 ~ 2018",€210K,€15K,1081
B. Sako,LM ST,29,72,72,"Crystal Palace
2015 ~ 2018",€3M,€40K,1901
C. Wickham,ST,24,72,76,"Crystal Palace
2015 ~ 2020",€4.1M,€30K,1735
J. Schlupp,LB LM,24,72,75,"Crystal Palace
2017 ~ 2021",€3.3M,€30K,1963
S. Ireland,CAM CM,30,72,72,"Stoke City
2014 ~ 2018",€2.9M,€40K,1808
B. Kayal,CM,29,72,72,"Brighton & Hove Albion
2015 ~ 2019",€3M,€30K,1990
T. Hemed,ST,30,72,72,"Brighton & Hove Albion
2015 ~ 2019",€3M,€30K,1720
S. March,LM RM,22,72,80,"Brighton & Hove Albion
2013 ~ 2020",€4.6M,€30K,1798
R. Green,GK,37,72,72,"Huddersfield Town
2017 ~ 2018",€210K,€15K,1099
E. Kachunga,RM LM,25,72,73,"Huddersfield Town
2016 ~ 2020",€3.7M,€30K,1853
T. Smith,RB,25,72,74,"Huddersfield Town
2012 ~ 2020",€3.1M,€30K,1761
A. Federici,GK,32,72,72,"AFC Bournemouth
2015 ~ 2019",€1.8M,€30K,1280
M. Pugh,LM,30,72,72,"AFC Bournemouth
2010 ~ 2018",€2.9M,€40K,1818
E. Mulder,GK,28,72,73,"Swansea City
2017 ~ 2020",€2.5M,€30K,1193
A. King,CM,28,72,72,"Swansea City
Jun 30, 2018
ON LOAN",€3.1M,€40K,1953
C. Martina,LB RB,27,71,71,"Everton
2017 ~ 2020",€2M,€50K,1866
D. Calvert-Lewin,ST LM,20,71,83,"Everton
2016 ~ 2023",€4.3M,€50K,1738
Joel Pereira,GK,21,71,84,"Manchester United
2015 ~ 2021",€3.6M,€30K,1048
J. Stephens,CB,23,71,77,"Southampton
2011 ~ 2022",€2.8M,€40K,1686
E. Fernandes,CAM CM RWB,21,71,80,"West Ham United
2016 ~ 2020",€3.6M,€40K,1828
N. Wells,ST,27,71,71,"Burnley
2017 ~ 2020",€2.5M,€40K,1872
A. Sørloth,ST LW,21,71,78,"Crystal Palace
2018 ~ 2022",€3.4M,€30K,1694
S. Sidwell,CM CDM,34,71,71,"Brighton & Hove Albion
2016 ~ 2018",€1.2M,€30K,1922
U. Hünemeier,CB,31,71,71,"Brighton & Hove Albion
2015 ~ 2018",€1.6M,€30K,1720
S. Malone,LB,26,71,72,"Huddersfield Town
2017 ~ 2020",€2.3M,€30K,1892
D. Williams,CM CDM,28,71,71,"Huddersfield Town
2017 ~ 2019",€2.4M,€30K,2006
I. Brown,CAM LM,20,70,80,"Chelsea
2014 ~ 2021",€2.9M,€50K,1790
L. Garbutt,LB LWB,24,70,74,"Everton
2010 ~ 2020",€1.9M,€50K,1881
J. Kenny,RB RWB,20,70,80,"Everton
2014 ~ 2022",€2.5M,€40K,1728
Á. Bogdán,GK,29,70,70,"Liverpool
2015 ~ 2019",€1.2M,€50K,1083
D. Ward,GK,24,70,78,"Liverpool
2012 ~ 2021",€2M,€40K,1125
D. Solanke,ST,19,70,84,"Liverpool
2017 ~ 2022",€3.8M,€40K,1690
O. Zinchenko,LB CAM LWB,20,70,82,"Manchester City
2016 ~ 2021",€2.8M,€50K,2011
P. Gazzaniga,GK,25,70,74,"Tottenham Hotspur
2017 ~ 2022",€1.6M,€30K,1342
O. Burke,RM ST,20,70,84,"West Bromwich Albion
2017 ~ 2022",€3.9M,€30K,1686
D. Lukebakio,RM,19,70,80,"Watford
2018 ~ 2022",€2.8M,€20K,1639
D. Marney,CM,33,70,70,"Burnley
2010 ~ 2018",€1M,€30K,1946
Lee Chung Yong,CAM LM,28,70,70,"Crystal Palace
2015 ~ 2018",€1.8M,€40K,1811
P. Souaré,LB,27,70,71,"Crystal Palace
2015 ~ 2021",€1.6M,€30K,1896
E. Rakip,CM RM,21,70,80,"Crystal Palace
2018 ~ 2023",€2.8M,€30K,1898
L. Rosenior,LB RB RM,32,70,70,"Brighton & Hove Albion
2015 ~ 2018",€975K,€30K,1810
S. Baldock,ST,28,70,70,"Brighton & Hove Albion
2014 ~ 2020",€1.8M,€40K,1765
C. Goldson,CB,24,70,77,"Brighton & Hove Albion
2015 ~ 2020",€2.1M,€20K,1564
R. van La Parra,LM RM,26,70,71,"Huddersfield Town
2016 ~ 2020",€2.1M,€30K,1753
M. Hefele,CB ST,26,70,72,"Huddersfield Town
2016 ~ 2019",€1.8M,€30K,1603
T. Mings,LB CB,24,70,75,"AFC Bournemouth
2015 ~ 2021",€2M,€30K,1701
P. Foden,CAM CM,17,69,88,"Manchester City
2016 ~ 2020",€2.1M,€30K,1749
M. Haïdara,LB,24,69,72,"Newcastle United
2013 ~ 2018",€1.1M,€30K,1811
F. Diabaté,RM CF,21,69,80,"Leicester City
2018 ~ 2022",€1.8M,€30K,1608
H. Robson-Kanu,ST LM RM,28,69,69,"West Bromwich Albion
2016 ~ 2020",€1.1M,€40K,1763
C. Quaner,ST RM,26,69,70,"Huddersfield Town
2017 ~ 2020",€1.3M,€30K,1641
L. Mousset,ST,21,69,77,"AFC Bournemouth
2016 ~ 2020",€1.6M,€30K,1631
A. Maitland-Niles,RM CM LB,19,68,84,"Arsenal
2014 ~ 2019",€1.9M,€30K,1775
S. Tarashaj,CAM,22,68,75,"Everton
2016 ~ 2020",€1.3M,€40K,1650
N. Vlašić,RM CAM,19,68,82,"Everton
2017 ~ 2022",€1.9M,€30K,1730
S. McTominay,CM CDM,20,68,81,"Manchester United
2013 ~ 2021",€1.7M,€40K,1806
J. Sims,LM,20,68,78,"Southampton
2013 ~ 2020",€1.5M,€30K,1641
J. Bednarek,CB,21,68,77,"Southampton
2017 ~ 2022",€1.2M,€30K,1481
J. Foyth,CB,19,68,85,"Tottenham Hotspur
2017 ~ 2022",€1.7M,€20K,1725
B. Hamer,GK,29,68,68,"Leicester City
2014 ~ 2018",€600K,€30K,1133
H. Barnes,LM,19,68,81,"Leicester City
2016 ~ 2021",€1.7M,€20K,1681
A. Gabr,CB,28,68,68,"West Bromwich Albion
2014 ~ 2019",€725K,€30K,1512
T. Hoban,CB LB,23,68,71,"Watford
2011 ~ 2019",€950K,€20K,1571
A. Lindegaard,GK,33,68,68,"Burnley
2017 ~ 2019",€450K,€20K,1205
D. Delaney,CB,35,68,68,"Crystal Palace
2012 ~ 2018",€210K,€20K,1376
N. Mäenpää,GK,32,68,68,"Brighton & Hove Albion
2015 ~ 2018",€525K,€20K,1008
J. Skalák,LM RM,25,68,69,"Brighton & Hove Albion
2016 ~ 2019",€1.1M,€30K,1766
Brahim Díaz,CF RM CAM,17,67,85,"Manchester City
2016 ~ 2019",€1.5M,€40K,1594
C. Borthwick-Jackson,CB LB,20,67,74,"Manchester United
2013 ~ 2020",€925K,€40K,1725
S. McQueen,LB LM,22,67,75,"Southampton
2013 ~ 2021",€950K,€30K,1761
D. Rice,CB CDM,18,67,82,"West Ham United
2016 ~ 2020",€1.4M,€20K,1485
H. Choudhury,CDM CM,19,67,80,"Leicester City
2015 ~ 2020",€1.3M,€15K,1755
J. Jach,CB,23,67,74,"Crystal Palace
2018 ~ 2021",€925K,€20K,1614
T. Edwards,RB RWB,18,67,84,"Stoke City
2016 ~ 2022",€1.4M,€15K,1723
P. Billing,CDM CM,21,67,82,"Huddersfield Town
2013 ~ 2020",€1.5M,€20K,1814
B. Smith,LB LWB,23,67,72,"AFC Bournemouth
2016 ~ 2020",€850K,€30K,1721
E. Hyndman,CM,21,67,76,"AFC Bournemouth
2016 ~ 2020",€1.2M,€30K,1765
C. Grant,CM,22,66,74,"Everton
2013 ~ 2018",€925K,€20K,1812
J. Riley,RB LB RM,20,66,78,"Manchester United
2013 ~ 2020",€1M,€20K,1737
J. Hesketh,CAM,21,66,77,"Southampton
2014 ~ 2021",€1.1M,€15K,1682
K. Walker-Peters,RB LB,20,66,80,"Tottenham Hotspur
2015 ~ 2020",€1.3M,€15K,1652
M. Edwards,RM CAM,18,66,87,"Tottenham Hotspur
2016 ~ 2020",€1.5M,€10K,1632
S. Field,CM CDM,19,66,81,"West Bromwich Albion
2015 ~ 2021",€1.4M,€10K,1709
A. Matějů,RB LB,21,66,75,"Brighton & Hove Albion
2017 ~ 2020",€850K,€9K,1720
D. Whitehead,CDM CM,35,66,66,"Huddersfield Town
2015 ~ 2018",€150K,€9K,1780
S. Scannell,RM,26,66,66,"Huddersfield Town
2012 ~ 2019",€700K,€15K,1758
R. Wiggins,LB,29,66,66,"AFC Bournemouth
2016 ~ 2018",€475K,€15K,1690
G. Zelalem,CM CAM CDM,20,65,75,"Arsenal
2014 ~ 2018",€875K,€20K,1660
K. Mavropanos,CB,19,65,82,"Arsenal
2018 ~ 2022",€1M,€10K,1455
C. Colkett,CM,20,65,74,"Chelsea
2014 ~ 2019",€825K,€20K,1755
B. Woodburn,CAM LW ST,17,65,85,"Liverpool
2016 ~ 2022",€1.1M,€15K,1574
S. Hakšabanovič,RM CAM,18,65,78,"West Ham United
2017 ~ 2022",€975K,€10K,1677
J. Cullen,CM,21,65,75,"West Ham United
2014 ~ 2020",€850K,€15K,1757
A. Legzdins,GK,30,65,65,"Burnley
2017 ~ 2020",€350K,€10K,1077
A. Wan-Bissaka,RB RM RWB,19,65,80,"Crystal Palace
2015 ~ 2022",€1M,€7K,1660
J. Haugaard,GK,25,65,70,"Stoke City
2015 ~ 2018",€525K,€10K,1053
H. Bjørdal,RM LM ST,20,65,75,"Brighton & Hove Albion
2016 ~ 2018",€875K,€10K,1743
R. Nelson,RM,17,64,85,"Arsenal
2015 ~ 2019",€975K,€15K,1610
B. Baningime,CDM CM,18,64,82,"Everton
2016 ~ 2022",€850K,€10K,1638
T. Adarabioyo,CB,19,64,80,"Manchester City
2014 ~ 2021",€875K,€15K,1404
T. Chong,LW CAM RW,17,64,84,"Manchester United
2017 ~ 2020",€900K,€15K,1667
R. Williams,CB RB,18,64,80,"Manchester United
2016 ~ 2019",€850K,€15K,1480
C. Gribbin,CAM LW RW,18,64,82,"Manchester United
2015 ~ 2019",€925K,€15K,1656
A. Gomes,CAM LW,16,64,87,"Manchester United
2016 ~ 2021",€975K,€10K,1626
S. Taylor,GK,36,64,64,"Southampton
2016 ~ 2018",€60K,€10K,1059
G. Thomas,RM ST,20,64,77,"Leicester City
2017 ~ 2020",€875K,€15K,1674
J. Leko,RW ST LW,18,64,82,"West Bromwich Albion
2015 ~ 2019",€925K,€10K,1589
A. O'Neill,CM,18,64,75,"Burnley
2015 ~ 2019",€700K,€8K,1694
O. Shenton,CM CAM,19,64,80,"Stoke City
2014 ~ 2020",€950K,€10K,1690
T. Campbell,ST,17,64,84,"Stoke City
2017 ~ 2018",€900K,€10K,1669
K. Gorré,LM CAM LW,22,64,72,"Swansea City
2013 ~ 2018",€675K,€15K,1614
C. Hudson-Odoi,LW CAM RW,16,63,85,"Chelsea
2017 ~ 2020",€800K,€8K,1633
L. Nmecha,ST,18,63,81,"Manchester City
2016 ~ 2021",€775K,€10K,1442
A. Muric,GK,18,63,80,"Manchester City
2017 ~ 2020",€625K,€6K,1066
V. Fernández,LM CAM RM,19,63,78,"Newcastle United
2017 ~ 2019",€800K,€7K,1525
M. Obafemi,ST,16,63,78,"Southampton
2017 ~ 2019",€750K,€6K,1530
S. Hughes,CB,20,63,76,"Leicester City
2017 ~ 2020",€625K,€8K,1451
L. Banks,RB CB,20,63,78,"Stoke City
2013 ~ 2018",€725K,€8K,1607
D. Jarvis,CAM CM,19,63,79,"Stoke City
2016 ~ 2020",€800K,€7K,1699
K. Hazard,LW LM RM,21,62,72,"Chelsea
2017 ~ 2018",€500K,€15K,1557
D. Sterling,RWB RB RM,17,62,82,"Chelsea
2016 ~ 2022",€525K,€8K,1575
M. Taylor-Crossdale,ST,17,62,80,"Chelsea
2016 ~ 2019",€600K,€10K,1488
F. Hornby,ST CF CAM,17,62,81,"Everton
2016 ~ 2020",€600K,€10K,1467
Y. Dhanda,CAM LM,18,62,81,"Liverpool
2015 ~ 2018",€625K,€9K,1624
C. Humphreys-Grant,CB,18,62,77,"Manchester City
2015 ~ 2018",€575K,€9K,1515
Z. Dearnley,RM LM ST,18,62,79,"Manchester United
2015 ~ 2020",€625K,€10K,1571
T. Kehinde,LM CM,19,62,79,"Manchester United
2016 ~ 2020",€650K,€10K,1613
C. Good,CB LB,24,62,68,"Newcastle United
2012 ~ 2018",€350K,€9K,1456
M. Gillesphey,CB LB,21,62,71,"Newcastle United
2015 ~ 2018",€400K,€8K,1451
J. Flannigan,CM RB,21,62,67,"Southampton
2013 ~ 2018",€400K,€10K,1639
T. Oakley-Boothe,CM,17,62,82,"Tottenham Hotspur
2017 ~ 2021",€600K,€8K,1525
Domingos Quina,CAM CM,17,62,83,"West Ham United
2016 ~ 2019",€650K,€9K,1531
D. Bachmann,GK,22,62,70,"Watford
2017 ~ 2020",€325K,€6K,1090
L. Sörensen,CDM CM,17,62,81,"Stoke City
2017 ~ 2019",€550K,€6K,1652
J. Gorenc Stanković,CB,21,62,75,"Huddersfield Town
2016 ~ 2020",€525K,€6K,1487
A. Sabiri,CAM CM LM,20,62,75,"Huddersfield Town
2017 ~ 2020",€575K,€7K,1668
G. Zabret,GK,21,62,74,"Swansea City
2013 ~ 2018",€425K,€6K,998
E. Nketiah,ST,18,61,83,"Arsenal
2015 ~ 2021",€575K,€10K,1474
H. Kane,CM,18,61,76,"Liverpool
2016 ~ 2018",€525K,€9K,1657
R. Brewster,ST,17,61,83,"Liverpool
2017 ~ 2020",€550K,€10K,1502
J. Dilrosun,LM,19,61,77,"Manchester City
2016 ~ 2019",€550K,€10K,1479
C. Roberts,RM LM,20,61,73,"Newcastle United
2015 ~ 2018",€450K,€9K,1532
D. Barlaser,CM CDM CAM,20,61,75,"Newcastle United
2015 ~ 2020",€550K,€9K,1552
L. Charman,ST,19,61,73,"Newcastle United
2016 ~ 2018",€450K,€8K,1485
J. Rose,GK,22,61,69,"Southampton
2017 ~ 2018",€275K,€8K,1015
N. Holland,LM RM,19,61,77,"West Ham United
2017 ~ 2020",€550K,€9K,1476
L. Martis,LM,21,61,69,"Leicester City
2016 ~ 2019",€375K,€9K,1530
R. Harper,CM,17,61,81,"West Bromwich Albion
2017 ~ 2019",€500K,€7K,1639
R. Tulloch,ST,16,61,81,"West Bromwich Albion
2017 ~ 2020",€500K,€5K,1441
J. Sinclair,ST,20,61,72,"Watford
2016 ~ 2020",€450K,€9K,1581
D. Lewis,RM,20,61,77,"Watford
2015 ~ 2018",€550K,€8K,1501
D. Gyollai,GK,20,61,74,"Stoke City
2015 ~ 2018",€400K,€6K,1071
T. Pemberton,RW,18,61,79,"Stoke City
2017 ~ 2020",€525K,€8K,1520
M. Butcher,CM CDM CB,20,61,73,"AFC Bournemouth
2015 ~ 2019",€450K,€9K,1576
J. Simpson,CB,20,61,71,"AFC Bournemouth
2015 ~ 2018",€350K,€8K,1376
C. Roberts,RB,21,61,72,"Swansea City
2014 ~ 2019",€375K,€8K,1472
C. Harries,CB LB,20,61,76,"Swansea City
2017 ~ 2020",€500K,€8K,1508
J. Willock,CM,17,60,78,"Arsenal
2016 ~ 2018",€400K,€7K,1588
T. Chalobah,CB,17,60,78,"Chelsea
2016 ~ 2021",€375K,€6K,1488
K. Scott,CM,19,60,75,"Chelsea
2014 ~ 2019",€450K,€7K,1553
E. Ampadu,CB CDM,16,60,85,"Chelsea
2017 ~ 2020",€400K,€4K,1459
A. Evans,CAM CM ST,18,60,75,"Everton
2015 ~ 2020",€425K,€7K,1604
M. Feeney,CB,18,60,77,"Everton
2016 ~ 2020",€375K,€6K,1308
J. Williams,CDM CB,21,60,72,"Liverpool
2014 ~ 2018",€325K,€9K,1568
C. Masterson,CB,18,60,74,"Liverpool
2016 ~ 2020",€375K,€6K,1302
D. Duhaney,RB,18,60,76,"Manchester City
2016 ~ 2019",€375K,€7K,1536
O. Olomola,ST,19,60,72,"Southampton
2014 ~ 2018",€375K,€7K,1472
A. Jones,CB,19,60,72,"Southampton
2016 ~ 2019",€325K,€5K,1369
A. Georgiou,LM LB,20,60,75,"Tottenham Hotspur
2015 ~ 2020",€450K,€8K,1576
M. Browne,CAM,19,60,75,"West Ham United
2015 ~ 2020",€450K,€7K,1547
A. Bradley,RM CM,18,60,79,"West Bromwich Albion
2015 ~ 2018",€425K,€5K,1620
J. Molumby,CM,17,60,75,"Brighton & Hove Albion
2016 ~ 2018",€400K,€4K,1604
J. Coleman,GK,21,60,68,"Huddersfield Town
2016 ~ 2019",€230K,€4K,1035
D. James,LW RW,19,60,78,"Swansea City
2016 ~ 2020",€450K,€6K,1507
L. Cullen,LW ST,18,60,76,"Swansea City
2016 ~ 2019",€425K,€6K,1470
T. Plezier,LB,20,60,74,"Swansea City
2016 ~ 2018",€400K,€6K,1477
J. Dasilva,CDM LB,18,59,75,"Arsenal
2015 ~ 2018",€300K,€6K,1678
T. Bola,CB,18,59,72,"Arsenal
2016 ~ 2020",€250K,€6K,1344
R. James,RB CB,17,59,76,"Chelsea
2017 ~ 2019",€275K,€6K,1610
G. McEachran,CAM CM,16,59,81,"Chelsea
2016 ~ 2019",€350K,€5K,1528
B. Adekanye,RW,18,59,78,"Liverpool
2017 ~ 2020",€325K,€8K,1509
Toni Gomes,ST RW LW,18,59,76,"Liverpool
2017 ~ 2018",€325K,€8K,1411
T. Gallacher,LB,17,59,77,"Liverpool
2018 ~ 2020",€275K,€6K,1540
J. Latibeaudiere,CB,17,59,80,"Manchester City
2017 ~ 2020",€300K,€7K,1394
C. Slattery,CAM,18,59,79,"Southampton
2016 ~ 2020",€325K,€6K,1517
Y. Valery,RB,18,59,68,"Southampton
2016 ~ 2020",€190K,€5K,1484
C. Maghoma,CB,19,59,72,"Tottenham Hotspur
2014 ~ 2018",€250K,€5K,1309
S. Shashoua,RM LM,18,59,77,"Tottenham Hotspur
2017 ~ 2020",€325K,€6K,1409
A. Muskwe,ST,18,59,70,"Leicester City
2016 ~ 2019",€250K,€6K,1499
C. Mitchell,GK,21,59,65,"Burnley
2014 ~ 2019",€160K,€4K,1013
L. Dreher,CM,18,59,78,"Crystal Palace
2015 ~ 2020",€325K,€4K,1549
T. Dallison,CB,21,59,69,"Brighton & Hove Albion
2013 ~ 2018",€220K,€5K,1324
J. Lee,RB,20,59,67,"AFC Bournemouth
2015 ~ 2018",€200K,€6K,1460
C. Jordan,CB,18,59,73,"AFC Bournemouth
2016 ~ 2018",€300K,€4K,1390
N. Ofoborh,CDM CM,17,59,75,"AFC Bournemouth
2017 ~ 2019",€275K,€4K,1583
A. Lewis,RB RM,19,59,77,"Swansea City
2016 ~ 2018",€300K,€4K,1485
M. Macey,GK,22,58,68,"Arsenal
2013 ~ 2020",€160K,€8K,998
R. Huddart,GK,20,58,67,"Arsenal
2014 ~ 2018",€150K,€7K,1001
L. Smith,CM,21,58,66,"Newcastle United
2015 ~ 2018",€180K,€7K,1549
J. Yarney,CB,19,58,69,"Newcastle United
2017 ~ 2018",€190K,€4K,1364
W. Wood,LB,20,58,71,"Southampton
2015 ~ 2018",€220K,€7K,1479
O. Skipp,CDM CM,16,58,79,"Tottenham Hotspur
2017 ~ 2019",€250K,€3K,1520
G. Diangana,LM,19,58,69,"West Ham United
2015 ~ 2018",€210K,€7K,1463
D. Kemp,RM,18,58,71,"West Ham United
2016 ~ 2019",€230K,€7K,1399
N. Trott,GK,18,58,76,"West Ham United
2017 ~ 2020",€210K,€4K,908
L. Ndukwu,RM LM,18,58,73,"Leicester City
2016 ~ 2018",€250K,€5K,1477
K. Jameson,CB,18,58,68,"West Bromwich Albion
2017 ~ 2018",€160K,€4K,1313
J. Soule,ST,16,58,76,"West Bromwich Albion
2017 ~ 2020",€250K,€4K,1430
N. Ferguson,CB,16,58,80,"West Bromwich Albion
2017 ~ 2020",€250K,€3K,1342
T. Chakwana,RM,18,58,69,"Burnley
2017 ~ 2018",€200K,€4K,1475
J. Tilley,CAM LM,19,58,76,"Brighton & Hove Albion
2015 ~ 2020",€275K,€4K,1467
K. O'Connell,LM,17,58,70,"AFC Bournemouth
2016 ~ 2018",€200K,€5K,1523
M. Worthington,CM,19,58,70,"AFC Bournemouth
2016 ~ 2019",€220K,€5K,1584
T. Cordner,CB,18,58,68,"AFC Bournemouth
2017 ~ 2018",€160K,€4K,1333
K. Sterling,ST,18,57,75,"Tottenham Hotspur
2017 ~ 2019",€220K,€7K,1364
K. Bennetts,LM RM LB,18,57,75,"Tottenham Hotspur
2017 ~ 2018",€210K,€6K,1563
J. Debayo,LB,20,57,66,"Leicester City
2016 ~ 2018",€140K,€6K,1441
D. Johnson,RB CB,18,57,75,"Leicester City
2016 ~ 2018",€190K,€4K,1469
N. Kirby,CAM,17,57,79,"Crystal Palace
2017 ~ 2020",€230K,€4K,1475
R. Pyke,ST,19,57,70,"Huddersfield Town
2015 ~ 2018",€200K,€5K,1361
A. Maric,CM CF,20,57,70,"Swansea City
2014 ~ 2019",€200K,€7K,1526
J. Osei-Tutu,RB,18,56,69,"Arsenal
2015 ~ 2021",€140K,€6K,1444
S. Diallo,CDM CM,18,56,76,"Manchester City
2016 ~ 2018",€170K,€7K,1535
T. Dele-Bashiru,CM,17,56,77,"Manchester City
2017 ~ 2019",€200K,€8K,1579
S. O'Connor,CB CDM,20,56,68,"Newcastle United
2017 ~ 2022",€140K,€6K,1310
A. Whiteman,GK,18,56,74,"Tottenham Hotspur
2015 ~ 2018",€150K,€4K,897
V. Neufville,LB,17,56,72,"West Ham United
2015 ~ 2019",€160K,€6K,1433
J. Pask,CB,19,56,66,"West Ham United
2014 ~ 2020",€120K,€6K,1275
B. Johnson,RB,17,56,75,"West Ham United
2017 ~ 2020",€160K,€6K,1448
A. Palmer,GK,20,56,63,"West Bromwich Albion
2014 ~ 2019",€90K,€5K,918
S. Howes,GK,19,56,67,"Watford
2017 ~ 2020",€120K,€3K,1026
N. Massanka,ST,20,56,61,"Burnley
2015 ~ 2018",€120K,€7K,1383
A. Koiki,LB LM,17,56,68,"Burnley
2016 ~ 2019",€120K,€4K,1407
J. Lokilo,RM,18,56,74,"Crystal Palace
2015 ~ 2018",€190K,€4K,1475
T. Hornby-Forbes,RB RWB,21,56,67,"Brighton & Hove Albion
2016 ~ 2018",€130K,€5K,1366
J. Williams,RB CB,17,56,78,"Huddersfield Town
2016 ~ 2019",€180K,€4K,1379
F. Bolkiah,RM LM,19,55,69,"Leicester City
2016 ~ 2019",€170K,€5K,1358
M. Howarth,CM,18,55,67,"Burnley
2016 ~ 2019",€130K,€4K,1520
O. Bayode,RM RB,18,55,63,"Burnley
2016 ~ 2019",€110K,€4K,1458
L. Lumeka,LM,18,55,72,"Crystal Palace
2015 ~ 2018",€160K,€4K,1446
W. O'Hora,CB,18,55,73,"Brighton & Hove Albion
2018 ~ 2020",€150K,€4K,1315
L. O'Brien,RM CM LM,18,55,69,"Huddersfield Town
2016 ~ 2019",€160K,€4K,1414
L. Colville,LM CAM,18,55,65,"Huddersfield Town
2017 ~ 2018",€120K,€4K,1359
J. Holmes,GK,20,55,65,"AFC Bournemouth
2015 ~ 2018",€100K,€5K,945
V. Dragomir,CAM,18,54,72,"Arsenal
2016 ~ 2018",€140K,€6K,1461
D. Grimshaw,GK,19,54,68,"Manchester City
2016 ~ 2018",€120K,€4K,1039
R. Edmonds-Green,CB RB,18,54,73,"Huddersfield Town
2016 ~ 2018",€130K,€3K,1261
Denilson Carvalho,CAM LM RM,18,54,69,"Huddersfield Town
2017 ~ 2018",€140K,€3K,1391
B. House,GK,18,53,70,"West Bromwich Albion
2015 ~ 2018",€100K,€3K,821
R. Booty,CDM LM CM LB,19,53,68,"Huddersfield Town
2015 ~ 2019",€110K,€3K,1537
C. Stewart,CM,20,50,64,"Watford
2016 ~ 2020",€60K,€5K,1369
